id,name,total,average,grade,rank
3,Simran,261,87.0,A,1
1,Meera,253,84.33333333333333,A,2
7,MrHafeez,241,80.33333333333333,A,3
